inactive_rate,active_rate,k_coll_mean,k_coll_std_dev,k_combined_mean,k_combined_std_dev,leakage_mean,leakage_std_dev
3281.123567414592,4176.489747852655,1.2219479229480137,0.00040799456275463555,1.2223999537643528,2.0126939059513584e-05,0.1748452999999999,0.00013128966023611866
