inactive_rate,active_rate,k_coll_mean,k_coll_std_dev,k_combined_mean,k_combined_std_dev,leakage_mean,leakage_std_dev
115677.42502348032,99908.502594422,0.9878145285053351,0.0008108290112720942,0.9874058302396531,2.6492497968808054e-05,0.1591314514202379,0.0004458596299243805
