inactive_rate,active_rate,k_coll_mean,k_coll_std_dev,k_combined_mean,k_combined_std_dev,leakage_mean,leakage_std_dev
849892.9923190417,694151.8488543367,1.000104368266847,0.00010713360984338816,0.9999746450032543,6.38018284983796e-05,0.9135806636745766,7.042492456207511e-05
