inactive_rate,active_rate,k_coll_mean,k_coll_std_dev,k_combined_mean,k_combined_std_dev,leakage_mean,leakage_std_dev
2783420.420434764,2715942.502606282,0.9999803122895539,0.00010378531693254074,0.9999963782993426,3.2507075542938333e-06,0.6730155599999996,4.676170167522299e-05
